{
    "$schema": "https://schema.management.azure.com/schemas/2015-01-01/deploymentParameters.json#",
    "contentVersion": "1.0.0.0",
    "parameters": {
        "subscriptionId": {
            "value": "382bf9af-832a-4075-b7ed-9b664931972b"
        },
        "resourceGroupName": {
            "value": "rg-diff-brazil-dev"
        },
        "name": {
            "value": "diff-desenv"
        },
        "location": {
            "value": "Brazil South"
        },
        "hostingPlanName": {
            "value": "diffServicePlan"
        },
        "serverFarmResourceGroup": {
            "value": "rg-diff-brazil-dev"
        },
        "alwaysOn": {
            "value": false
        },
        "ftpsState": {
            "value": "FtpsOnly"
        },
        "autoGeneratedDomainNameLabelScope": {
            "value": "TenantReuse"
        },
        "currentStack": {
            "value": "dotnet"
        },
        "phpVersion": {
            "value": "OFF"
        },
        "netFrameworkVersion": {
            "value": "v6.0"
        }
    }
}